ecosystem,packageName,name,displayName,description,recipeCount,category1,category2,category1Description,category2Description
maven,org.openrewrite.recipe:rewrite-cucumber-jvm,org.openrewrite.cucumber.jvm.CollapseCucumberOptionsTags,Collapse `@CucumberOptions` tags into a single tag expression,"Cucumber-JVM 6.0.0 narrowed `@CucumberOptions#tags` from `String[]` to a single `String`. The elements of the array were combined with `and`, such that `tags = {""@a"", ""@b""}` becomes `tags = ""(@a) and (@b)""`.",1,Cucumber-JVM,Cucumber,Recipes for upgrading [Cucumber-JVM](https://github.com/cucumber/cucumber-jvm/).,Recipes for upgrading [Cucumber](https://cucumber.io/).
maven,org.openrewrite.recipe:rewrite-cucumber-jvm,org.openrewrite.cucumber.jvm.CucumberAnnotationToSuite,Replace `@Cucumber` with `@Suite`,Replace `@Cucumber` with `@Suite` and `@SelectClasspathResource("cucumber/annotated/class/package")`.,1,Cucumber-JVM,Cucumber,Recipes for upgrading [Cucumber-JVM](https://github.com/cucumber/cucumber-jvm/).,Recipes for upgrading [Cucumber](https://cucumber.io/).
maven,org.openrewrite.recipe:rewrite-cucumber-jvm,org.openrewrite.cucumber.jvm.CucumberApiToIoCucumber,Migrate `cucumber.api` to `io.cucumber`,"Cucumber-JVM 5.0.0 moved the `cucumber.api` types to `io.cucumber`, but not as a single package rename: types were spread over `io.cucumber.java`, `io.cucumber.junit`, `io.cucumber.testng`, `io.cucumber.plugin` and `io.cucumber.core`. This recipe maps each `cucumber.api` type onto the package it actually moved to.",36,Cucumber-JVM,Cucumber,Recipes for upgrading [Cucumber-JVM](https://github.com/cucumber/cucumber-jvm/).,Recipes for upgrading [Cucumber](https://cucumber.io/).
maven,org.openrewrite.recipe:rewrite-cucumber-jvm,org.openrewrite.cucumber.jvm.CucumberJUnitRunnerToSuite,Cucumber JUnit 4 runner to JUnit Platform `@Suite`,"Migrates the JUnit 4 `@RunWith(Cucumber.class)` runner to a JUnit Platform `@Suite`, and swaps `cucumber-junit` for `cucumber-junit-platform-engine` 7.x. Each Cucumber-JVM module depends on the `cucumber-core` of its own release, and the engine fails to run against any other, so the rest of the Cucumber-JVM dependencies move to that same 7.x.",8,Cucumber-JVM,Cucumber,Recipes for upgrading [Cucumber-JVM](https://github.com/cucumber/cucumber-jvm/).,Recipes for upgrading [Cucumber](https://cucumber.io/).
maven,org.openrewrite.recipe:rewrite-cucumber-jvm,org.openrewrite.cucumber.jvm.CucumberJUnitRunnerToSuiteOnCucumber7x,Cucumber JUnit 4 runner to JUnit Platform `@Suite` on Cucumber-JVM 7.x,"Migrates the JUnit 4 `@RunWith(Cucumber.class)` runner to a JUnit Platform `@Suite` only in modules already on Cucumber-JVM 7.x. There is no `cucumber-junit-platform-engine` before 5.0.0, which also removed the `cucumber.api` types, and the engine only runs against Cucumber-JVM dependencies of its own version, so moving an older module onto the engine takes the rest of the Cucumber-JVM 7.x upgrade along with it.",9,Cucumber-JVM,Cucumber,Recipes for upgrading [Cucumber-JVM](https://github.com/cucumber/cucumber-jvm/).,Recipes for upgrading [Cucumber](https://cucumber.io/).
maven,org.openrewrite.recipe:rewrite-cucumber-jvm,org.openrewrite.cucumber.jvm.CucumberJava8HookDefinitionToCucumberJava,Replace `cucumber-java8` hook definition with `cucumber-java`,"Replace `LambdaGlue` hook definitions with new annotated methods with the same body, or, for a method reference, with a body calling the method it refers to.",1,Cucumber-JVM,Cucumber,Recipes for upgrading [Cucumber-JVM](https://github.com/cucumber/cucumber-jvm/).,Recipes for upgrading [Cucumber](https://cucumber.io/).
maven,org.openrewrite.recipe:rewrite-cucumber-jvm,org.openrewrite.cucumber.jvm.CucumberJava8StepDefinitionToCucumberJava,Replace `cucumber-java8` step definitions with `cucumber-java`,"Replace `StepDefinitionBody` methods with `StepDefinitionAnnotations` on new methods with the same body, or, for a method reference, with a body calling the method it refers to.",1,Cucumber-JVM,Cucumber,Recipes for upgrading [Cucumber-JVM](https://github.com/cucumber/cucumber-jvm/).,Recipes for upgrading [Cucumber](https://cucumber.io/).
maven,org.openrewrite.recipe:rewrite-cucumber-jvm,org.openrewrite.cucumber.jvm.CucumberJava8ToJava,Migrate `cucumber-java8` to `cucumber-java`,"Migrates `cucumber-java8` step definitions, `LambdaGlue` hooks and `LambdaGlue` type registrations to `cucumber-java` annotated methods.",9,Cucumber-JVM,Cucumber,Recipes for upgrading [Cucumber-JVM](https://github.com/cucumber/cucumber-jvm/).,Recipes for upgrading [Cucumber](https://cucumber.io/).
maven,org.openrewrite.recipe:rewrite-cucumber-jvm,org.openrewrite.cucumber.jvm.CucumberJava8TypeDefinitionToCucumberJava,Replace `cucumber-java8` type definitions with `cucumber-java`,"Replace `LambdaGlue` `DataTableType`, `ParameterType`, `DocStringType` and `Default*Transformer` registrations with `cucumber-java` annotated methods with the same body.",1,Cucumber-JVM,Cucumber,Recipes for upgrading [Cucumber-JVM](https://github.com/cucumber/cucumber-jvm/).,Recipes for upgrading [Cucumber](https://cucumber.io/).
maven,org.openrewrite.recipe:rewrite-cucumber-jvm,org.openrewrite.cucumber.jvm.CucumberOptionsPropertyToIndividualProperties,Migrate the `cucumber.options` property,"Cucumber-JVM 6.0.0 removed `cucumber.options`, which passed command line options as a single string, in favour of an individual property per option. This recipe splits the property into its replacements, both in `.properties` files and in Maven Surefire or Failsafe `systemPropertyVariables`. Options without a property equivalent, such as `--threads`, have no migration path; there the property is left untouched, with a `TODO` comment added above it.",1,Cucumber-JVM,Cucumber,Recipes for upgrading [Cucumber-JVM](https://github.com/cucumber/cucumber-jvm/).,Recipes for upgrading [Cucumber](https://cucumber.io/).
maven,org.openrewrite.recipe:rewrite-cucumber-jvm,org.openrewrite.cucumber.jvm.CucumberOptionsToTestNgCucumberOptions,Migrate `cucumber.api.CucumberOptions` to `io.cucumber.testng.CucumberOptions`,Replace `cucumber.api.CucumberOptions` with the TestNG variant in source files that run through a TestNG runner.,3,Cucumber-JVM,Cucumber,Recipes for upgrading [Cucumber-JVM](https://github.com/cucumber/cucumber-jvm/).,Recipes for upgrading [Cucumber](https://cucumber.io/).
maven,org.openrewrite.recipe:rewrite-cucumber-jvm,org.openrewrite.cucumber.jvm.CucumberRunWithToSuite,Cucumber JUnit 4 `@RunWith(Cucumber.class)` to JUnit Platform `@Suite`,"Replaces the Cucumber JUnit 4 runner with a JUnit Platform `@Suite` that runs the Cucumber engine. The `@CucumberOptions` become `@ConfigurationParameter` annotations, and the features become `@SelectClasspathResource` selectors where they are on the classpath. The JUnit 4 runner looks for glue in the package of the annotated class by default, and the Cucumber engine in the whole classpath, so that package becomes the explicit glue when none is configured. Class-level setup and teardown methods become `@BeforeSuite` and `@AfterSuite` methods, as a `@Suite` does not run `@BeforeClass` or `@BeforeAll`. A class that extends another class, which may contribute `@CucumberOptions`, or that has an option that cannot be carried over, such as one that refers to a constant, keeps the JUnit 4 runner, with a comment explaining why.",1,Cucumber-JVM,Cucumber,Recipes for upgrading [Cucumber-JVM](https://github.com/cucumber/cucumber-jvm/).,Recipes for upgrading [Cucumber](https://cucumber.io/).
maven,org.openrewrite.recipe:rewrite-cucumber-jvm,org.openrewrite.cucumber.jvm.CucumberToJunitPlatformSuite,Cucumber to JUnit test `@Suite`,"Migrates Cucumber tests run by the `@Cucumber` annotation or the JUnit 4 `@RunWith(Cucumber.class)` runner to a JUnit Platform `@Suite`, and swaps `cucumber-junit` for `cucumber-junit-platform-engine`. The JUnit 4 runner is only migrated in modules already on Cucumber-JVM 7.x.",13,Cucumber-JVM,Cucumber,Recipes for upgrading [Cucumber-JVM](https://github.com/cucumber/cucumber-jvm/).,Recipes for upgrading [Cucumber](https://cucumber.io/).
maven,org.openrewrite.recipe:rewrite-cucumber-jvm,org.openrewrite.cucumber.jvm.DropStrictAware,Drop `StrictAware`,"Cucumber-JVM 8.0.0 removed `StrictAware`, which Cucumber-JVM 7 only ever called with `setStrict(true)`. Remove it from `implements` along with the `setStrict(boolean)` override, and implement `Plugin` instead when the class implements no other plugin interface.",1,Cucumber-JVM,Cucumber,Recipes for upgrading [Cucumber-JVM](https://github.com/cucumber/cucumber-jvm/).,Recipes for upgrading [Cucumber](https://cucumber.io/).
maven,org.openrewrite.recipe:rewrite-cucumber-jvm,org.openrewrite.cucumber.jvm.DropStrictOption,Drop the `strict` option,"Cucumber-JVM 7.0.0 removed the `strict` option, as scenarios are now always executed in strict mode.",4,Cucumber-JVM,Cucumber,Recipes for upgrading [Cucumber-JVM](https://github.com/cucumber/cucumber-jvm/).,Recipes for upgrading [Cucumber](https://cucumber.io/).
maven,org.openrewrite.recipe:rewrite-cucumber-jvm,org.openrewrite.cucumber.jvm.DropSummaryPrinter,Drop `SummaryPrinter`,"Replace `SummaryPrinter` with `Plugin`, if not already present.",1,Cucumber-JVM,Cucumber,Recipes for upgrading [Cucumber-JVM](https://github.com/cucumber/cucumber-jvm/).,Recipes for upgrading [Cucumber](https://cucumber.io/).
maven,org.openrewrite.recipe:rewrite-cucumber-jvm,org.openrewrite.cucumber.jvm.DropTimeoutAttribute,Drop the `timeout` attribute,"Cucumber-JVM 5.0.0 removed the `timeout` attribute from step definition and hook annotations, in favor of asserting on the duration from within the step definition itself.",3,Cucumber-JVM,Cucumber,Recipes for upgrading [Cucumber-JVM](https://github.com/cucumber/cucumber-jvm/).,Recipes for upgrading [Cucumber](https://cucumber.io/).
maven,org.openrewrite.recipe:rewrite-cucumber-jvm,org.openrewrite.cucumber.jvm.FixTeluguLanguageCode,Fix the Telugu language code,"Cucumber-JVM 7.0.0 removed the incorrect ISO 639-1 code `tl` for Telugu, which is now consistently `te`.",4,Cucumber-JVM,Cucumber,Recipes for upgrading [Cucumber-JVM](https://github.com/cucumber/cucumber-jvm/).,Recipes for upgrading [Cucumber](https://cucumber.io/).
maven,org.openrewrite.recipe:rewrite-cucumber-jvm,org.openrewrite.cucumber.jvm.MigrateCucumberJava8ScenarioAndStatus,Migrate `io.cucumber.java8.Scenario` and `io.cucumber.java8.Status`,"`Scenario` and `Status` are the only `io.cucumber.java8` types with an `io.cucumber.java` counterpart; the language interfaces such as `En` and the `LambdaGlue` body types have none, so renaming the package wholesale would point whatever the migration could not convert at a type that does not exist. Where such a body type does survive it also still expects the `cucumber-java8` `Scenario`, as in an anonymous `HookBody`, so leave both types be until the last of the lambda glue is gone.",3,Cucumber-JVM,Cucumber,Recipes for upgrading [Cucumber-JVM](https://github.com/cucumber/cucumber-jvm/).,Recipes for upgrading [Cucumber](https://cucumber.io/).
maven,org.openrewrite.recipe:rewrite-cucumber-jvm,org.openrewrite.cucumber.jvm.MigrateRuntimeOptionsBuilder,Migrate `RuntimeOptionsBuilder`,"Cucumber-JVM 7.0.0 dropped `RuntimeOptionsBuilder.addDefaultFormatterIfAbsent()`, as no formatter is added implicitly any more, and renamed `addDefaultSummaryPrinterIfAbsent()` to `addDefaultSummaryPrinterIfNotDisabled()`, which defers to the new `setNoSummary()`. Mirrors the change Cucumber-JVM made to its own `io.cucumber.core.cli.Main`, which projects that run Cucumber programmatically tend to have copied.",3,Cucumber-JVM,Cucumber,Recipes for upgrading [Cucumber-JVM](https://github.com/cucumber/cucumber-jvm/).,Recipes for upgrading [Cucumber](https://cucumber.io/).
maven,org.openrewrite.recipe:rewrite-cucumber-jvm,org.openrewrite.cucumber.jvm.MigrateScenarioWriteAndEmbed,Migrate `Scenario.write` and `Scenario.embed`,"Cucumber-JVM 6.0.0 removed `Scenario.write(String)` and `Scenario.embed(byte[], String)` along with `Scenario.embed(byte[], String, String)`, in favor of `Scenario.log(String)` and `Scenario.attach(byte[], String, String)`. The two argument `embed` emitted an attachment without a name, which `attach` expresses as a `null` name.",7,Cucumber-JVM,Cucumber,Recipes for upgrading [Cucumber-JVM](https://github.com/cucumber/cucumber-jvm/).,Recipes for upgrading [Cucumber](https://cucumber.io/).
maven,org.openrewrite.recipe:rewrite-cucumber-jvm,org.openrewrite.cucumber.jvm.RegexToCucumberExpression,Replace `cucumber-java` step definition regexes with Cucumber expressions,Strip regex prefix and suffix from step annotation expressions arguments where possible.,1,Cucumber-JVM,Cucumber,Recipes for upgrading [Cucumber-JVM](https://github.com/cucumber/cucumber-jvm/).,Recipes for upgrading [Cucumber](https://cucumber.io/).
maven,org.openrewrite.recipe:rewrite-cucumber-jvm,org.openrewrite.cucumber.jvm.RemoveCucumberJava8Dependency,Remove `cucumber-java8` once nothing is left needing it,"Removes the `cucumber-java8` dependency where every `LambdaGlue` call migrates to `cucumber-java`, and retains it wherever one is left behind. Read from the glue as it stands before the migration, as what the migration leaves behind only becomes visible to a scanning recipe in the cycle after, which a build tool run never reaches. Glue left anywhere retains the dependency everywhere, an unused dependency being the one outcome here that still compiles.",1,Cucumber-JVM,Cucumber,Recipes for upgrading [Cucumber-JVM](https://github.com/cucumber/cucumber-jvm/).,Recipes for upgrading [Cucumber](https://cucumber.io/).
maven,org.openrewrite.recipe:rewrite-cucumber-jvm,org.openrewrite.cucumber.jvm.TypeRegistryConfigurerToAnnotations,Replace `TypeRegistryConfigurer` with cucumber-java annotations,"Cucumber-JVM 7.0.0 removed `TypeRegistryConfigurer`; replace implementations with `@ParameterType`, `@DataTableType`, `@DocStringType` and `@Default*Transformer` annotated glue methods. Classes whose `configureTypeRegistry` method cannot be converted in full are left untouched, with a `TODO` comment added above the registration that could not be converted.",1,Cucumber-JVM,Cucumber,Recipes for upgrading [Cucumber-JVM](https://github.com/cucumber/cucumber-jvm/).,Recipes for upgrading [Cucumber](https://cucumber.io/).
maven,org.openrewrite.recipe:rewrite-cucumber-jvm,org.openrewrite.cucumber.jvm.UpgradeCucumber2x,Upgrade to Cucumber-JVM 2.x,Upgrade to Cucumber-JVM 2.x from any previous version.,23,Cucumber-JVM,Cucumber,Recipes for upgrading [Cucumber-JVM](https://github.com/cucumber/cucumber-jvm/).,Recipes for upgrading [Cucumber](https://cucumber.io/).
maven,org.openrewrite.recipe:rewrite-cucumber-jvm,org.openrewrite.cucumber.jvm.UpgradeCucumber5x,Upgrade to Cucumber-JVM 5.x,Upgrade to Cucumber-JVM 5.x from any previous version.,63,Cucumber-JVM,Cucumber,Recipes for upgrading [Cucumber-JVM](https://github.com/cucumber/cucumber-jvm/).,Recipes for upgrading [Cucumber](https://cucumber.io/).
maven,org.openrewrite.recipe:rewrite-cucumber-jvm,org.openrewrite.cucumber.jvm.UpgradeCucumber6x,Upgrade to Cucumber-JVM 6.x,Upgrade to Cucumber-JVM 6.x from any previous version.,73,Cucumber-JVM,Cucumber,Recipes for upgrading [Cucumber-JVM](https://github.com/cucumber/cucumber-jvm/).,Recipes for upgrading [Cucumber](https://cucumber.io/).
maven,org.openrewrite.recipe:rewrite-cucumber-jvm,org.openrewrite.cucumber.jvm.UpgradeCucumber7x,Upgrade to Cucumber-JVM 7.x,Upgrade to Cucumber-JVM 7.x from any previous version.,120,Cucumber-JVM,Cucumber,Recipes for upgrading [Cucumber-JVM](https://github.com/cucumber/cucumber-jvm/).,Recipes for upgrading [Cucumber](https://cucumber.io/).
